Workbook

Sheet Monthly Data
A1: cuisine | B1: month | C1: order_count | D1: total_revenue | E1: avg_revenue
A2: Chinese | B2: 46023 | C2: 1 | D2: 1477 | E2: 1477
A3: Chinese | B3: 46026 | C3: 1 | D3: 1870 | E3: 1870
A4: Chinese | B4: 46027 | C4: 1 | D4: 1635 | E4: 1635
A5: Chinese | B5: 46030 | C5: 1 | D5: 1130 | E5: 1130
A6: Chinese | B6: 46031 | C6: 1 | D6: 1867 | E6: 1867
A7: Chinese | B7: 46035 | C7: 1 | D7: 1126 | E7: 1126
A8: Chinese | B8: 46037 | C8: 2 | D8: 2439 | E8: 1219.5
A9: Chinese | B9: 46039 | C9: 2 | D9: 4193 | E9: 2096.5
A10: Chinese | B10: 46040 | C10: 1 | D10: 1281 | E10: 1281
A11: Chinese | B11: 46041 | C11: 1 | D11: 394 | E11: 394
A12: Chinese | B12: 46042 | C12: 1 | D12: 2460 | E12: 2460
A13: Chinese | B13: 46046 | C13: 1 | D13: 1766 | E13: 1766
... A276: South Indian | B276: 46203 | C276: 1 | D276: 1423 | E276: 1423

Sheet Cuisine Targets
A1: cuisine | B1: target_revenue_inr
A2: North Indian | B2: 180000
A3: Chinese | B3: 140000
A4: South Indian | B4: 50000
A5: Fast Food | B5: 60000
A6: Desserts | B6: 25000
A7: Italian | B7: 10000

Sheet KPI
A2: Overall KPI
A3: Number of Cuisines | B3: {=COUNTA(UNIQUE('Monthly Data'!A2:A276))} -> 6
A4: Total Revenue | B4: =SUM('Monthly Data'!D2:D276) -> 497106
A5: Total Orders | B5: =SUM('Monthly Data'!C2:C276) -> 358
A6: Average revenue | B6: =AVERAGE('Monthly Data'!E2:E276) -> 1408.5009

Sheet Pivot Table 1

Sheet Cuisine Summary
A1: Cuisine | B1: Total Revenue | C1: Target Revenue | D1: Variance | E1: Percentage Variance | F1: Status
A2: Chinese | B2: ='Pivot Table 1'!B2 -> 127840 | C2: =VLOOKUP(A2,'Cuisine Targets'!$A$2:$B$7,2,FALSE) -> 140000 | D2: =C2-B2 -> 12160 | E2: =((B2-C2)/C2)*100 -> -8.6857143 | F2: =IF(B2>=C2,"Above Target", IF(((C2-B2)/C2)<=15%,"Below Target - Watch", "Below Target - Critical")) -> Below Target - Watch
A3: Desserts | B3: ='Pivot Table 1'!B3 -> 19694 | C3: =VLOOKUP(A3,'Cuisine Targets'!$A$2:$B$7,2,FALSE) -> 25000 | D3: =C3-B3 -> 5306 | E3: =((B3-C3)/C3)*100 -> -21.224 | F3: =IF(B3>=C3,"Above Target", IF(((C3-B3)/C3)<=15%,"Below Target - Watch", "Below Target - Critical")) -> Below Target - Critical
A4: Fast Food | B4: ='Pivot Table 1'!B4 -> 55123 | C4: =VLOOKUP(A4,'Cuisine Targets'!$A$2:$B$7,2,FALSE) -> 60000 | D4: =C4-B4 -> 4877 | E4: =((B4-C4)/C4)*100 -> -8.1283333 | F4: =IF(B4>=C4,"Above Target", IF(((C4-B4)/C4)<=15%,"Below Target - Watch", "Below Target - Critical")) -> Below Target - Watch
A5: Italian | B5: ='Pivot Table 1'!B5 -> 14735 | C5: =VLOOKUP(A5,'Cuisine Targets'!$A$2:$B$7,2,FALSE) -> 10000 | D5: =C5-B5 -> -4735 | E5: =((B5-C5)/C5)*100 -> 47.35 | F5: =IF(B5>=C5,"Above Target", IF(((C5-B5)/C5)<=15%,"Below Target - Watch", "Below Target - Critical")) -> Above Target
A6: North Indian | B6: ='Pivot Table 1'!B6 -> 216297 | C6: =VLOOKUP(A6,'Cuisine Targets'!$A$2:$B$7,2,FALSE) -> 180000 | D6: =C6-B6 -> -36297 | E6: =((B6-C6)/C6)*100 -> 20.165 | F6: =IF(B6>=C6,"Above Target", IF(((C6-B6)/C6)<=15%,"Below Target - Watch", "Below Target - Critical")) -> Above Target
A7: South Indian | B7: ='Pivot Table 1'!B7 -> 63417 | C7: =VLOOKUP(A7,'Cuisine Targets'!$A$2:$B$7,2,FALSE) -> 50000 | D7: =C7-B7 -> -13417 | E7: =((B7-C7)/C7)*100 -> 26.834 | F7: =IF(B7>=C7,"Above Target", IF(((C7-B7)/C7)<=15%,"Below Target - Watch", "Below Target - Critical")) -> Above Target
